{"cameraMode":{"drawMode":0,"name":"Shaded","section":"Shading Mode"},"sceneLighting":true,"audioPlay":false,"sceneViewState":{"showFog":false,"showMaterialUpdate":false,"showSkybox":false,"showFlares":false,"showImageEffects":false,"showParticleSystems":true},"in2DMode":false,"pivot":{"x":-0.018340736627578737,"y":2.219733238220215,"z":1.7940340042114258},"rotation":{"x":-0.09136594086885452,"y":0.011949608102440834,"z":-0.0010964584071189166,"w":-0.9957451224327087},"size":41.2872314453125,"orthographic":false}