{"cameraMode":{"drawMode":0,"name":"Shaded","section":"Shading Mode"},"sceneLighting":true,"audioPlay":false,"sceneViewState":{"showFog":false,"showMaterialUpdate":false,"showSkybox":false,"showFlares":false,"showImageEffects":false,"showParticleSystems":true},"in2DMode":false,"pivot":{"x":-5.9279327392578129,"y":2.364278793334961,"z":7.769718647003174},"rotation":{"x":-0.2211167812347412,"y":-0.27359235286712649,"z":0.06478173285722733,"w":-0.9338404536247253},"size":17.65526580810547,"orthographic":false}