{"cameraMode":{"drawMode":0,"name":"Shaded","section":"Shading Mode"},"sceneLighting":false,"audioPlay":false,"sceneViewState":{"showFog":true,"showMaterialUpdate":false,"showSkybox":true,"showFlares":true,"showImageEffects":true,"showParticleSystems":true},"in2DMode":false,"pivot":{"x":-6.20308780670166,"y":-0.2982245683670044,"z":-5.301398277282715},"rotation":{"x":0.3159318268299103,"y":-0.04978054761886597,"z":0.016601677983999254,"w":0.9473296403884888},"size":3.7858574390411379,"orthographic":false}