{"cameraMode":{"drawMode":0,"name":"Shaded","section":"Shading Mode"},"sceneLighting":true,"audioPlay":false,"sceneViewState":{"showFog":true,"showMaterialUpdate":false,"showSkybox":true,"showFlares":true,"showImageEffects":true,"showParticleSystems":true},"in2DMode":false,"pivot":{"x":-2028.1405029296875,"y":-7.94583797454834,"z":-2138.10498046875},"rotation":{"x":0.034306131303310397,"y":0.7708861827850342,"z":-0.041668377816677096,"w":0.6346821188926697},"size":89.91586303710938,"orthographic":false}