{"cameraMode":{"drawMode":0,"name":"Shaded","section":"Shading Mode"},"sceneLighting":true,"audioPlay":false,"sceneViewState":{"showFog":true,"showMaterialUpdate":false,"showSkybox":true,"showFlares":true,"showImageEffects":true,"showParticleSystems":true},"in2DMode":false,"pivot":{"x":-2109.5,"y":1.5999984741210938,"z":-2060.10009765625},"rotation":{"x":-0.25224292278289797,"y":0.7432947754859924,"z":-0.3883856534957886,"w":-0.48274528980255129},"size":1585.135986328125,"orthographic":true}