{"cameraMode":{"drawMode":0,"name":"Shaded","section":"Shading Mode"},"sceneLighting":true,"audioPlay":false,"sceneViewState":{"showFog":true,"showMaterialUpdate":false,"showSkybox":true,"showFlares":true,"showImageEffects":true,"showParticleSystems":true},"in2DMode":false,"pivot":{"x":-1125.2288818359375,"y":1.5999984741210938,"z":-1059.452392578125},"rotation":{"x":0.46419644355773928,"y":-0.15010452270507813,"z":0.0801604688167572,"w":0.8692322373390198},"size":5111.53515625,"orthographic":true}