{"cameraMode":{"drawMode":0,"name":"Shaded","section":"Shading Mode"},"sceneLighting":false,"audioPlay":false,"sceneViewState":{"showFog":true,"showMaterialUpdate":false,"showSkybox":true,"showFlares":true,"showImageEffects":true,"showParticleSystems":true},"in2DMode":false,"pivot":{"x":-1.3831911087036133,"y":1.905984878540039,"z":0.048991575837135318},"rotation":{"x":0.21131539344787599,"y":-0.05860977992415428,"z":0.012695317156612873,"w":0.9755765199661255},"size":2.8578941822052,"orthographic":false}