{"cameraMode":{"drawMode":0,"name":"Shaded","section":"Shading Mode"},"sceneLighting":false,"audioPlay":false,"sceneViewState":{"showFog":true,"showMaterialUpdate":false,"showSkybox":true,"showFlares":true,"showImageEffects":true,"showParticleSystems":true},"in2DMode":false,"pivot":{"x":0.5435503125190735,"y":1.338864803314209,"z":-3.0734143257141115},"rotation":{"x":0.21131539344787599,"y":-0.05860977992415428,"z":0.012695317156612873,"w":0.9755765199661255},"size":6.975338935852051,"orthographic":false}