{"cameraMode":{"drawMode":0,"name":"Shaded","section":"Shading Mode"},"sceneLighting":false,"audioPlay":false,"sceneViewState":{"showFog":true,"showMaterialUpdate":false,"showSkybox":true,"showFlares":true,"showImageEffects":true,"showParticleSystems":true},"in2DMode":false,"pivot":{"x":5.032835960388184,"y":0.9661321640014648,"z":0.2833061218261719},"rotation":{"x":0.1302652806043625,"y":0.3763943910598755,"z":-0.05354529619216919,"w":0.915691614151001},"size":30.836807250976564,"orthographic":false}